{
    "dividendYielTTM" : 0.007047095221725678,
    "dividendYielPercentageTTM" : 0.704709522172567800,
    "peRatioTTM" : 30.8238768471766,
    "pegRatioTTM" : 41.1904065689482,
    "payoutRatioTTM" : 0.21721879524479898,
    "currentRatioTTM" : 1.16300270929083,
    "quickRatioTTM" : 1.0221799603039838,
    "cashRatioTTM" : 0.2717592278143796,
    "daysOfSalesOutstandingTTM" : 72.74312815543882,
    "daysOfInventoryOutstandingTTM" : 10.080330763933626,
    "operatingCycleTTM" : 28.01699250089115,
    "daysOfPayablesOutstandingTTM" : 129.4166092809383,
    "cashConversionCycleTTM" : -54.18792011521448,
    "grossProfitMarginTTM" : 0.38780491950974894,
    "operatingProfitMarginTTM" : 0.2524453057269621,
    "pretaxProfitMarginTTM" : 0.2541418056334676,
    "netProfitMarginTTM" : 0.21734917639859247,
    "effectiveTaxRateTTM" : 0.1447720462328767,
    "returnOnAssetsTTM" : 0.18056567642224067,
    "returnOnEquityTTM" : 0.9653599903358299,
    "returnOnCapitalEmployedTTM" : 0.33740921790861533,
    "netIncomePerEBTTTM" : 0.8552279537671232,
    "ebtPerEbitTTM" : 1.0,
    "ebitPerRevenueTTM" : 0.2541418056334676,
    "debtRatioTTM" : 0.8129550859473413,
    "debtEquityRatioTTM" : 4.346309495047112,
    "longTermDebtToCapitalizationTTM" : 0.599867073502311,
    "totalDebtToCapitalizationTTM" : 0.628512287748153,
    "interestCoverageTTM" : 27.42186353631695,
    "cashFlowToDebtRatioTTM" : 0.7936328016922074,
    "companyEquityMultiplierTTM" : 5.346309495047112,
    "receivablesTurnoverTTM" : 5.017656090071648,
    "payablesTurnoverTTM" : 2.8203489646963003,
    "inventoryTurnoverTTM" : 36.209129298210335,
    "fixedAssetTurnoverTTM" : 7.7540663801966625,
    "assetTurnoverTTM" : 0.8307631039332983,
    "operatingCashFlowPerShareTTM" : 5.25068645812291,
    "freeCashFlowPerShareTTM" : 4.736843006535708,
    "cashPerShareTTM" : 4.5364901185518685,
    "operatingCashFlowSalesRatioTTM" : 0.3023135634997535,
    "freeCashFlowOperatingCashFlowRatioTTM" : 0.9021378527007119,
    "cashFlowCoverageRatiosTTM" : 0.7936328016922074,
    "shortTermCoverageRatiosTTM" : 6.967638301206708,
    "capitalExpenditureCoverageRatioTTM" : -10.21845552746495,
    "dividendPaidAndCapexCoverageRatioTTM" : -10.218455528427848,
    "priceBookValueRatioTTM" : 29.756137455303215,
    "priceToBookRatioTTM" : 29.756137455303215,
    "priceToSalesRatioTTM" : 6.699544246145478,
    "priceEarningsRatioTTM" : 30.8238768471766,
    "priceToFreeCashFlowsRatioTTM" : 24.56488421496154,
    "priceToOperatingCashFlowsRatioTTM" : 22.16091189752702,
    "priceCashFlowRatioTTM" : 22.16091189752702,
    "priceEarningsToGrowthRatioTTM" : 41.1904065689482,
    "priceSalesRatioTTM" : 6.699544246145478,
    "dividendYieldTTM" : 0.007047095221725678,
    "enterpriseValueMultipleTTM" : 23.155813799330197,
    "priceFairValueTTM" : 29.756137455303215
  }